<?xml version="1.0" encoding="UTF-8"?>
<!DOCTYPE mapper PUBLIC "-//mybatis.org//DTD Mapper 3.0//EN" "http://mybatis.org/dtd/mybatis-3-mapper.dtd">
<mapper namespace="com.jancoyan.jancoblog.mapper.LikeRecordMapper">

    <!-- 通用查询映射结果 -->
    <resultMap id="BaseResultMap" type="com.jancoyan.jancoblog.pojo.LikeRecord">
        <id column="like_id" property="likeId" />
        <result column="article_id" property="articleId" />
        <result column="author_id" property="authorId" />
        <result column="like_date" property="likeDate" />
        <result column="user_name" property="userName" />
        <result column="article_title" property="articleTitle" />
        <result column="article_author" property="articleAuthor" />
    </resultMap>

    <!-- 通用查询结果列 -->
    <sql id="Base_Column_List">
        like_id, article_id, author_id, like_date,
    </sql>

    <sql id="Column_List">
        article_id, article_author, article_title, like_date, user_name
    </sql>

    <select id="getUserReceive" resultType="com.jancoyan.jancoblog.pojo.LikeRecord">
        select <include refid="Column_List" />
        from  v_page_like ${ew.customSqlSegment}
    </select>

</mapper>
