<?xml version="1.0" encoding="UTF-8"?>
<!DOCTYPE mapper PUBLIC "-//mybatis.org//DTD Mapper 3.0//EN" "http://mybatis.org/dtd/mybatis-3-mapper.dtd">
<mapper namespace="com.jancoyan.jancoblog.mapper.UserMapper">

    <!-- 通用查询映射结果 -->
    <resultMap id="BaseResultMap" type="com.jancoyan.jancoblog.pojo.User">
        <id column="user_id" property="userId" />
        <result column="user_name" property="userName" />
        <result column="user_password" property="userPassword" />
        <result column="user_signature" property="userSignature" />
        <result column="user_role" property="userRole" />
        <result column="user_create_date" property="userCreateDate" />
        <result column="user_last_login_date" property="userLastLoginDate" />
        <result column="user_ip" property="userIp" />
    </resultMap>

    <!-- 通用查询结果列 -->
    <sql id="Base_Column_List">
        user_id, user_name, user_signature, user_password, user_role, user_create_date,
        user_last_login_date, user_ip
    </sql>


    <select id="getAll" resultType="com.jancoyan.jancoblog.pojo.User">
        select * from v_user_manage_show ${ew.customSqlSegment}
    </select>


    <!-- 用户的数据统计信息查询结果列 -->
    <resultMap id="UserTotalData" type="com.jancoyan.jancoblog.pojo.VUserTotalData">
        <result column="article_author" property="articleAuthor" />
        <result column="user_name" property="userName" />
        <result column="user_signature" property="userSignature" />
        <result column="total_article" property="totalArticle" />
        <result column="total_view_count" property="totalViewCount" />
        <result column="total_like_count" property="totalLikeCount" />
        <result column="total_comment_count" property="totalCommentCount"/>
    </resultMap>

    <sql id="User_Total_Data_List">
        article_author, user_name, user_signature, total_article, total_view_count,
        total_like_count, total_comment_count
    </sql>

    <select id="getUserTotalData" resultType="com.jancoyan.jancoblog.pojo.VUserTotalData">
        select * from v_user_total_data where article_author = ${userId};
    </select>

    <!--    用户信息的查询结果-->
    <resultMap id="UserInfoMap" type="com.jancoyan.jancoblog.pojo.UserInfo">
        <id column="user_id" property="userId" />
        <result column="user_email" property="userEmail" />
        <result column="user_sex" property="userSex" />
        <result column="user_region" property="userRegion"/>
        <result column="user_birthday" property="userBirthdate" />
        <result column="user_telephone" property="userTelephone" />
        <result column="user_real_name" property="userRealName" />
        <result column="user_school" property="userSchool" />
        <result column="user_major" property="userMajor"/>
        <result column="user_enter_school_date" property="userEnterSchoolDate"/>
        <result column="user_academic_degree" property="userAcademicDegree"/>
        <result column="user_company" property="userCompany"/>
        <result column="user_position" property="userPosition"/>
        <result column="user_field" property="userField"/>
    </resultMap>

    <!--    用户详细信息的结果列-->
    <sql id="User_Info_List">
        user_id, user_email, user_sex, user_region, user_birthdate,
        user_telephone, user_real_name, user_school, user_major,
        user_enter_school_date, user_academic_degree, user_company, user_position, user_field
    </sql>


    <select id="getUserInfo" resultType="com.jancoyan.jancoblog.pojo.UserInfo">
        select * from tbl_user_info where user_id = ${userId}
    </select>

    <select id="login" resultType="com.jancoyan.jancoblog.pojo.User">
        select user_id, user_name, user_signature, role_name
        from v_login
        where user_name = '${username}' and user_password = '${password}';
    </select>


</mapper>