<?xml version="1.0" encoding="UTF-8"?>
<!DOCTYPE mapper PUBLIC "-//mybatis.org//DTD Mapper 3.0//EN" "http://mybatis.org/dtd/mybatis-3-mapper.dtd">
<mapper namespace="com.jancoyan.jancoblog.mapper.UserInfoMapper">

    <!-- 通用查询映射结果 -->
    <resultMap id="BaseResultMap" type="com.jancoyan.jancoblog.pojo.UserInfo">
        <id column="user_id" property="userId" />
        <result column="user_email" property="userEmail" />
        <result column="user_sex" property="userSex" />
        <result column="user_region" property="userRegion" />
        <result column="user_birthdate" property="userBirthdate" />
        <result column="user_telephone" property="userTelephone" />
        <result column="user_real_name" property="userRealName" />
        <result column="user_school" property="userSchool" />
        <result column="user_major" property="userMajor" />
        <result column="user_enter_school_date" property="userEnterSchoolDate" />
        <result column="user_academic_degree" property="userAcademicDegree" />
        <result column="user_company" property="userCompany" />
        <result column="user_position" property="userPosition" />
        <result column="user_field" property="userField" />
    </resultMap>

    <!-- 通用查询结果列 -->
    <sql id="Base_Column_List">
        user_id, user_email, user_sex, user_region, user_birthdate, user_telephone, user_real_name, user_school, user_major, user_enter_school_date, user_academic_degree, user_company, user_position, user_field
    </sql>

</mapper>
